Date,Department,Admissions,Discharges,Occupancy (%),Waiting Time (minutes),Staff On Duty,Incidents
2026-01-01,Orthopedics,22,15,75.6,15.6,25,2
2026-01-01,Neurology,17,19,85.1,58.3,13,1
2026-01-01,Emergency,22,23,100.0,55.6,17,1
2026-01-01,General Medicine,41,34,63.8,33.5,24,0
2026-01-02,Orthopedics,8,0,58.7,53.4,10,1
2026-01-02,General Medicine,31,29,70.6,5.0,15,0
2026-01-02,Pediatrics,38,37,86.2,59.0,12,0
2026-01-02,Cardiology,10,9,90.2,19.9,16,0
2026-01-02,Emergency,36,41,84.9,84.6,18,1
2026-01-02,General Medicine,29,26,70.6,68.2,23,0
2026-01-02,General Medicine,27,21,63.7,29.1,15,0
2026-01-02,Neurology,38,35,78.2,48.9,14,0
2026-01-02,Neurology,30,33,89.7,5.0,9,0
2026-01-02,Cardiology,40,45,70.3,51.4,14,0
2026-01-03,Neurology,34,38,76.3,8.9,8,0
2026-01-03,Emergency,44,47,79.7,102.4,25,3
2026-01-03,Pediatrics,23,22,100.0,17.5,15,0
2026-01-03,Cardiology,16,10,73.9,7.4,25,0
2026-01-03,Neurology,21,19,73.8,20.9,27,0
2026-01-04,General Medicine,29,28,75.8,19.6,11,0
2026-01-04,Pediatrics,33,29,79.6,43.2,12,0
2026-01-04,General Medicine,14,10,56.0,34.9,24,2
2026-01-04,General Medicine,23,21,80.1,48.7,27,0
2026-01-04,General Medicine,27,23,78.7,48.8,12,1
2026-01-05,Emergency,13,18,86.5,63.4,28,2
2026-01-05,Neurology,24,22,83.5,25.3,19,2
2026-01-05,Orthopedics,8,0,75.9,29.6,25,0
2026-01-05,General Medicine,29,33,74.8,31.5,25,0
2026-01-05,Emergency,35,27,68.8,78.8,8,0
2026-01-05,General Medicine,17,11,85.5,38.1,20,1
2026-01-05,Cardiology,30,26,68.8,45.7,12,0
2026-01-05,Emergency,27,28,76.8,27.1,11,0
2026-01-06,Orthopedics,30,27,66.2,28.3,12,1
2026-01-06,Pediatrics,29,26,85.7,35.7,26,0
2026-01-06,Pediatrics,42,36,81.7,30.7,10,1
2026-01-06,Cardiology,34,33,71.4,11.5,21,0
2026-01-06,Neurology,16,16,93.7,59.4,16,1
2026-01-07,Neurology,35,38,90.2,44.9,17,0
2026-01-07,Orthopedics,29,25,88.5,41.7,11,0
2026-01-07,Pediatrics,8,2,77.5,24.3,20,0
2026-01-07,General Medicine,16,19,75.5,44.3,27,1
2026-01-07,Pediatrics,39,40,90.9,17.2,14,0
2026-01-08,General Medicine,12,8,74.7,15.9,22,1
2026-01-08,Pediatrics,31,26,65.5,11.9,9,3
2026-01-08,Neurology,24,21,83.2,21.5,14,0
2026-01-08,Orthopedics,26,25,77.1,26.3,11,0
2026-01-08,General Medicine,15,19,62.9,45.2,10,0
2026-01-08,Cardiology,31,25,80.4,56.6,28,0
2026-01-08,Neurology,40,39,73.3,58.8,29,0
2026-01-09,Cardiology,12,10,76.3,36.2,22,0
2026-01-09,Emergency,42,44,100.0,57.7,24,0
2026-01-09,Cardiology,29,22,83.6,5.0,19,2
2026-01-10,Pediatrics,28,22,68.5,47.5,22,1
2026-01-10,Cardiology,37,41,61.2,35.4,8,1
2026-01-10,Neurology,22,27,63.5,5.0,25,1
2026-01-10,General Medicine,21,25,72.4,26.3,13,0
2026-01-10,Neurology,10,10,76.9,8.9,17,1
2026-01-11,Orthopedics,21,20,74.2,21.3,26,0
2026-01-11,Neurology,20,21,86.8,33.1,18,0
2026-01-11,Cardiology,38,36,68.8,5.0,16,0
2026-01-11,Emergency,28,24,90.1,66.4,24,2
2026-01-11,Orthopedics,9,3,50.5,21.1,9,2
2026-01-11,Cardiology,24,26,62.6,18.7,26,0
2026-01-11,Neurology,12,10,61.2,21.3,19,0
2026-01-12,Orthopedics,34,32,75.6,13.7,23,1
2026-01-12,Pediatrics,23,18,83.1,67.8,11,1
2026-01-12,Pediatrics,10,3,91.0,29.7,8,0
2026-01-12,Emergency,25,26,83.0,96.9,15,2
2026-01-12,Pediatrics,8,3,70.6,54.6,18,0
2026-01-12,Orthopedics,30,32,89.6,12.1,8,0
2026-01-13,Emergency,15,10,80.2,82.0,14,2
2026-01-13,Orthopedics,13,9,54.9,37.4,22,0
2026-01-13,Cardiology,39,44,86.5,58.5,21,1
2026-01-13,Neurology,32,29,49.1,16.2,16,0
2026-01-13,General Medicine,42,44,73.7,31.3,23,0
2026-01-13,Cardiology,34,39,64.1,34.8,9,0
2026-01-13,Neurology,41,36,83.6,20.2,10,1
2026-01-13,Cardiology,20,24,56.1,41.7,11,0
2026-01-13,Pediatrics,38,30,89.0,35.3,15,0
2026-01-13,Cardiology,36,38,64.0,18.5,26,1
2026-01-13,Emergency,41,39,97.4,7.0,22,3
2026-01-13,General Medicine,25,28,75.7,22.0,23,3
2026-01-14,Orthopedics,17,20,45.3,28.6,24,1
2026-01-14,Cardiology,34,31,68.6,38.0,20,0
2026-01-14,Cardiology,38,38,79.5,5.0,20,1
2026-01-14,Pediatrics,33,27,68.5,5.0,20,0
2026-01-15,General Medicine,42,36,82.7,10.6,16,0
2026-01-15,Cardiology,39,36,84.1,5.0,23,1
2026-01-15,Orthopedics,26,21,76.9,28.8,10,0
2026-01-15,Orthopedics,15,8,61.6,70.5,18,0
2026-01-15,General Medicine,34,27,53.6,25.0,10,0
2026-01-15,Emergency,42,36,81.3,78.4,22,1
2026-01-16,Emergency,38,34,76.0,77.4,16,0
2026-01-16,Emergency,23,15,85.3,61.1,8,0
2026-01-16,Cardiology,32,32,79.4,63.7,8,0
2026-01-16,Orthopedics,24,22,66.8,34.4,22,1
2026-01-16,Orthopedics,20,24,51.7,35.4,24,0
2026-01-17,Cardiology,21,19,70.8,26.4,9,1
2026-01-17,Cardiology,14,6,70.8,35.7,25,1
2026-01-17,Emergency,19,16,82.1,68.9,29,2
2026-01-17,Emergency,36,37,84.1,46.6,25,2
2026-01-17,Pediatrics,39,39,61.7,34.6,24,0
2026-01-17,General Medicine,28,32,93.5,34.9,29,0
2026-01-17,Pediatrics,33,27,86.0,36.5,17,0
2026-01-17,Emergency,33,26,85.2,52.7,21,2
2026-01-17,Emergency,29,25,67.3,71.7,20,2
2026-01-17,General Medicine,33,34,80.6,5.0,9,0
2026-01-18,Neurology,8,0,78.8,64.7,29,0
2026-01-18,General Medicine,43,43,94.3,41.7,24,0
2026-01-19,Emergency,21,19,90.4,101.1,15,0
2026-01-19,Orthopedics,19,17,79.2,41.2,19,1
2026-01-19,Emergency,29,30,88.0,67.3,27,2
2026-01-19,Cardiology,10,3,75.8,26.8,27,0
2026-01-20,Neurology,31,30,89.9,25.2,21,2
2026-01-20,General Medicine,33,26,61.2,43.3,12,1
2026-01-20,Emergency,41,37,88.3,61.6,16,2
2026-01-20,General Medicine,15,10,60.4,5.0,18,1
2026-01-20,Neurology,25,22,67.6,14.6,8,0
2026-01-20,Pediatrics,34,31,78.4,17.4,27,0
2026-01-20,Emergency,16,18,91.6,105.5,29,1
2026-01-21,General Medicine,37,30,80.7,18.1,10,0
2026-01-21,Pediatrics,29,23,67.6,20.1,17,0
2026-01-21,Emergency,13,7,86.1,68.8,12,2
2026-01-21,General Medicine,20,21,77.1,35.6,16,0
2026-01-21,Orthopedics,40,34,76.3,24.3,17,0
2026-01-21,Neurology,12,11,89.4,51.4,16,0
2026-01-22,Neurology,33,27,76.9,5.3,24,1
2026-01-22,Cardiology,33,36,96.2,23.7,19,0
2026-01-22,Orthopedics,19,12,73.5,5.0,16,0
2026-01-23,Emergency,23,18,90.4,51.1,15,1
2026-01-23,General Medicine,32,35,91.7,32.4,29,0
2026-01-23,Neurology,36,28,79.9,48.2,12,0
2026-01-23,Cardiology,38,30,63.7,45.3,23,1
2026-01-23,Emergency,28,31,100.0,85.2,8,1
2026-01-23,Emergency,39,41,77.6,52.3,23,1
2026-01-23,Cardiology,27,26,64.7,43.6,15,1
2026-01-23,Emergency,22,27,89.9,64.1,9,2
2026-01-23,Emergency,24,28,79.6,77.7,20,0
2026-01-23,Pediatrics,35,38,76.9,46.0,28,0
2026-01-24,Emergency,26,27,77.7,76.2,12,1
2026-01-24,Orthopedics,40,38,83.8,51.8,10,0
2026-01-24,Pediatrics,37,37,65.5,17.1,21,0
2026-01-24,Orthopedics,17,17,77.1,39.1,14,0
2026-01-24,General Medicine,10,10,77.0,29.1,13,0
2026-01-24,General Medicine,10,12,74.9,57.9,21,0
2026-01-24,Pediatrics,16,15,78.1,48.3,18,2
2026-01-25,Emergency,36,40,88.1,46.1,29,2
2026-01-25,Cardiology,42,45,72.3,20.1,24,0
2026-01-25,General Medicine,26,25,96.1,28.3,28,1
2026-01-25,Cardiology,17,9,87.3,52.0,16,0
2026-01-25,Emergency,31,25,72.0,114.2,15,0
2026-01-26,Emergency,25,25,82.1,70.8,25,1
2026-01-26,Emergency,9,10,70.8,44.1,8,1
2026-01-26,Orthopedics,9,6,72.8,19.5,19,0
2026-01-27,Neurology,41,42,100.0,33.7,8,0
2026-01-27,Pediatrics,16,14,62.9,37.4,21,0
2026-01-27,Neurology,36,40,59.6,41.1,28,0
2026-01-27,Orthopedics,43,36,70.5,16.7,12,1
2026-01-27,Cardiology,42,44,79.8,35.4,22,0
2026-01-27,Neurology,10,15,81.2,36.4,12,1
2026-01-27,Cardiology,34,30,56.7,15.8,22,0
2026-01-28,Pediatrics,31,29,75.5,36.0,8,0
2026-01-28,General Medicine,33,25,68.8,61.5,9,0
2026-01-28,General Medicine,28,26,70.1,40.4,15,1
2026-01-28,Emergency,14,11,67.9,87.8,23,1
2026-01-28,General Medicine,29,34,66.1,33.6,13,1
2026-01-28,Emergency,14,8,100.0,92.3,15,2
2026-01-28,Neurology,27,32,82.1,29.0,16,1
2026-01-28,Pediatrics,35,29,92.5,35.2,14,1
2026-01-29,Neurology,36,40,68.6,75.3,19,0
2026-01-29,Pediatrics,24,23,60.9,67.8,11,1
2026-01-29,Neurology,43,40,68.4,47.8,17,0
2026-01-29,Cardiology,40,34,93.1,48.7,17,0
2026-01-29,General Medicine,31,27,63.8,32.6,24,1
2026-01-30,Pediatrics,32,25,73.2,31.2,11,1
2026-01-30,Orthopedics,40,37,90.4,28.1,8,1
2026-01-30,Neurology,29,26,81.7,15.3,20,1
2026-01-30,Neurology,9,1,71.3,50.9,9,1
2026-01-30,Cardiology,41,41,90.3,50.2,23,0
2026-01-30,Orthopedics,42,43,69.1,19.7,21,0
2026-01-30,Emergency,20,24,100.0,61.4,20,2
2026-01-30,Cardiology,10,6,88.2,37.2,27,0
2026-01-31,Neurology,36,37,82.2,14.4,16,0
2026-01-31,Orthopedics,16,16,72.0,23.5,21,0
2026-01-31,General Medicine,21,23,64.7,29.4,13,0
2026-02-01,Emergency,41,35,44.3,63.2,10,2
2026-02-01,Cardiology,33,30,73.5,41.6,19,0
2026-02-01,General Medicine,14,9,84.5,38.5,17,1
2026-02-01,Pediatrics,23,25,55.7,15.8,25,0
2026-02-01,Emergency,36,37,94.9,70.0,13,0
2026-02-01,Emergency,22,16,79.2,73.9,15,0
2026-02-01,Cardiology,13,12,89.7,45.5,24,1
2026-02-01,Cardiology,22,23,80.0,32.4,15,0
2026-02-01,General Medicine,44,46,65.7,52.6,8,0
2026-02-01,Neurology,18,11,90.3,53.1,25,0
2026-02-02,Pediatrics,43,35,69.8,48.8,10,0
2026-02-02,Orthopedics,21,22,70.4,12.0,15,1
2026-02-02,Neurology,24,19,81.4,38.7,19,1
2026-02-02,Cardiology,23,16,59.8,42.5,10,1
2026-02-02,Emergency,29,30,80.5,56.7,11,1
2026-02-02,Neurology,13,16,74.6,10.0,11,0
2026-02-03,Emergency,27,22,93.6,76.6,13,2
2026-02-03,Emergency,39,31,88.2,78.4,14,1
2026-02-03,General Medicine,38,34,76.7,74.3,8,0
2026-02-03,Cardiology,15,8,80.9,41.5,11,0
2026-02-03,Pediatrics,25,23,69.7,34.7,19,0
2026-02-04,Emergency,32,28,83.2,79.3,25,2
2026-02-04,General Medicine,13,16,79.0,60.4,9,0
2026-02-04,Emergency,27,28,89.0,82.8,15,2
2026-02-04,Orthopedics,21,17,88.9,38.5,11,0
2026-02-04,Cardiology,40,45,81.8,40.4,19,0
2026-02-04,Orthopedics,39,35,80.8,39.7,24,2
2026-02-04,Neurology,40,42,70.1,37.4,10,1
2026-02-04,Emergency,33,28,100.0,86.2,17,2
2026-02-05,Emergency,15,12,100.0,75.5,20,0
2026-02-05,Orthopedics,44,46,96.6,12.9,10,0
2026-02-05,Emergency,20,22,93.1,58.0,25,0
2026-02-05,Pediatrics,43,43,98.8,36.4,11,0
2026-02-05,Cardiology,37,41,79.8,30.8,18,0
2026-02-05,Emergency,27,30,79.1,70.2,20,0
2026-02-05,Pediatrics,40,39,66.6,8.0,28,0
2026-02-05,Neurology,43,39,66.7,9.6,18,1
2026-02-05,Emergency,27,32,84.0,55.6,21,1
2026-02-05,General Medicine,44,49,56.4,60.5,8,0
2026-02-06,Cardiology,44,39,79.3,32.9,21,0
2026-02-06,Cardiology,44,47,78.9,48.3,16,1
2026-02-06,Orthopedics,22,16,76.0,5.0,18,0
2026-02-06,Neurology,8,11,68.2,53.8,11,0
2026-02-06,Orthopedics,14,16,74.1,39.8,17,1
2026-02-06,General Medicine,26,24,58.6,6.7,27,0
2026-02-06,Pediatrics,18,20,86.6,5.0,13,0
2026-02-06,Orthopedics,11,5,57.3,68.0,28,0
2026-02-06,Pediatrics,32,37,73.1,16.1,11,0
2026-02-06,Pediatrics,15,12,68.6,5.0,24,0
2026-02-07,Pediatrics,38,30,78.9,40.7,11,0
2026-02-07,Orthopedics,26,20,87.4,25.4,25,0
2026-02-07,Cardiology,42,45,66.3,15.7,12,0
2026-02-07,Emergency,13,9,88.7,68.2,12,0
2026-02-07,Pediatrics,22,18,85.4,5.0,21,0
2026-02-07,Cardiology,10,2,55.6,20.4,8,0
2026-02-07,Emergency,18,18,82.7,74.6,20,1
2026-02-07,Cardiology,41,45,61.8,5.0,9,0
2026-02-07,Cardiology,11,16,69.2,28.0,10,0
2026-02-08,Pediatrics,42,47,72.7,14.0,27,1
2026-02-08,General Medicine,8,11,81.9,33.6,24,0
2026-02-08,General Medicine,22,21,69.5,47.8,9,1
2026-02-08,Emergency,20,15,85.2,57.4,21,0
2026-02-08,Neurology,29,26,81.0,47.2,24,0
2026-02-08,Pediatrics,18,17,88.5,22.6,11,1
2026-02-09,Emergency,39,31,100.0,74.2,15,2
2026-02-09,Neurology,17,14,85.8,19.1,20,0
2026-02-09,Cardiology,12,13,83.9,41.7,27,0
2026-02-09,Emergency,26,28,81.5,104.5,19,1
2026-02-09,Emergency,17,12,89.4,56.8,24,1
2026-02-09,Orthopedics,23,17,77.2,5.0,9,0
2026-02-09,Cardiology,31,34,74.1,50.6,17,1
2026-02-10,Cardiology,44,44,78.7,47.1,20,0
2026-02-11,Emergency,44,44,89.4,50.2,27,1
2026-02-11,Orthopedics,29,30,96.2,74.9,19,0
2026-02-11,Emergency,15,13,71.1,55.5,12,0
2026-02-11,General Medicine,21,17,87.7,29.4,18,2
2026-02-11,Pediatrics,19,15,95.7,20.2,23,0
2026-02-12,Cardiology,30,31,71.2,27.2,13,0
2026-02-12,Pediatrics,22,22,52.1,53.9,19,1
2026-02-12,Cardiology,18,11,84.2,31.0,8,0
2026-02-12,General Medicine,32,34,74.7,23.2,8,0
2026-02-12,Emergency,24,19,89.7,87.0,12,0
2026-02-12,Orthopedics,19,13,97.4,42.6,12,1
2026-02-12,Orthopedics,38,33,80.4,37.7,20,0
2026-02-13,General Medicine,29,24,51.5,51.3,22,1
2026-02-13,General Medicine,39,42,79.7,46.7,10,1
2026-02-13,Cardiology,11,13,53.4,10.6,19,1
2026-02-14,Cardiology,42,34,82.8,42.8,27,1
2026-02-14,Neurology,16,17,79.1,50.9,19,2
2026-02-14,Emergency,11,13,77.4,64.2,19,1
2026-02-15,General Medicine,37,34,72.7,48.9,15,1
2026-02-15,Cardiology,21,23,67.9,29.4,10,0
2026-02-15,Cardiology,22,26,77.2,27.1,15,0
2026-02-16,Orthopedics,18,15,78.3,42.4,24,0
2026-02-16,Emergency,31,31,97.8,66.6,16,3
2026-02-16,Pediatrics,43,42,84.5,18.5,29,0
2026-02-16,Orthopedics,34,34,79.6,7.2,17,0
2026-02-16,Cardiology,24,17,73.9,9.2,15,2
2026-02-16,Emergency,22,14,71.4,70.1,27,1
2026-02-16,General Medicine,42,36,71.8,40.2,24,0
2026-02-16,Orthopedics,17,9,79.5,28.7,9,0
2026-02-16,Emergency,25,17,82.6,73.9,12,2
2026-02-17,General Medicine,26,28,76.5,29.5,24,1
2026-02-17,Neurology,33,25,56.8,40.3,25,0
2026-02-17,Emergency,19,14,69.6,54.1,21,2
2026-02-17,Cardiology,27,26,63.1,66.4,11,0
2026-02-17,Neurology,41,37,71.5,22.9,9,1
2026-02-17,Neurology,30,30,86.3,49.6,18,0
2026-02-17,Neurology,36,32,82.2,41.2,20,0
2026-02-18,Emergency,25,29,89.5,68.1,27,2
2026-02-18,Cardiology,21,17,74.8,32.8,22,0
2026-02-18,Neurology,19,18,66.1,20.1,10,0
2026-02-18,Neurology,43,37,80.7,29.8,27,0
2026-02-18,Emergency,30,31,79.1,38.0,12,1
2026-02-18,Neurology,42,44,91.3,21.4,12,0
2026-02-18,Pediatrics,13,13,52.1,39.7,15,1
2026-02-18,General Medicine,35,35,72.9,28.5,25,1
2026-02-18,Cardiology,23,28,83.7,26.8,13,0
2026-02-19,Cardiology,37,29,69.2,45.2,26,0
2026-02-19,Cardiology,14,8,74.8,9.1,25,0
2026-02-19,Orthopedics,12,4,76.1,23.4,18,0
2026-02-20,Emergency,31,26,88.6,31.6,16,1
2026-02-20,Orthopedics,11,10,90.0,28.3,15,0
2026-02-20,General Medicine,28,22,89.7,31.7,17,1
2026-02-20,General Medicine,27,24,63.8,46.1,14,0
2026-02-20,Pediatrics,9,4,56.0,41.8,19,0
2026-02-20,Neurology,31,28,43.6,31.0,8,0
2026-02-20,Emergency,21,15,87.7,76.1,14,1
2026-02-21,Orthopedics,10,15,88.7,48.9,22,0
2026-02-21,Pediatrics,26,19,91.9,37.6,27,0
2026-02-21,Emergency,36,36,91.9,65.9,24,2
2026-02-21,Emergency,39,41,83.4,74.4,20,1
2026-02-21,Cardiology,19,11,89.0,50.1,12,0
2026-02-21,Orthopedics,39,39,54.7,54.7,13,0
2026-02-22,Orthopedics,14,18,79.4,76.9,26,0
2026-02-22,Orthopedics,31,31,63.9,35.0,15,0
2026-02-22,Pediatrics,20,21,71.1,7.1,29,0
2026-02-22,Neurology,37,36,80.4,24.9,21,1
2026-02-22,Pediatrics,37,40,68.7,22.3,9,1
2026-02-22,Orthopedics,19,24,84.8,37.7,26,0
2026-02-22,Emergency,43,38,78.2,76.7,18,3
2026-02-23,Neurology,16,14,78.6,18.5,28,0
2026-02-23,General Medicine,22,27,72.0,38.3,28,1
2026-02-23,Orthopedics,19,11,82.1,56.7,27,0
2026-02-23,Pediatrics,8,10,88.0,41.3,29,0
2026-02-23,Neurology,36,34,75.7,27.2,17,0
2026-02-23,Orthopedics,36,40,78.6,47.9,23,0
2026-02-23,Orthopedics,44,41,88.0,27.7,13,0
2026-02-24,Pediatrics,23,17,91.8,10.1,27,0
2026-02-24,Orthopedics,23,15,62.4,43.2,20,2
2026-02-24,Emergency,10,2,85.7,65.2,13,0
2026-02-24,Pediatrics,34,34,72.8,5.0,8,0
2026-02-24,Emergency,29,27,86.4,71.5,17,0
2026-02-24,Cardiology,11,9,95.6,49.2,25,0
2026-02-24,Cardiology,30,24,92.0,37.7,11,1
2026-02-24,Orthopedics,33,25,70.7,16.1,25,0
2026-02-25,Neurology,28,31,87.1,23.5,20,0
2026-02-25,Neurology,14,17,76.3,49.4,22,0
2026-02-25,Orthopedics,30,28,82.5,10.1,17,0
2026-02-25,Neurology,26,18,69.1,22.2,20,0
2026-02-25,Pediatrics,35,40,79.9,32.5,23,0
2026-02-25,General Medicine,36,37,77.8,19.8,8,1
2026-02-26,General Medicine,24,23,83.7,56.6,9,2
2026-02-26,Cardiology,28,30,88.9,18.9,13,1
2026-02-26,General Medicine,32,36,84.0,5.0,25,0
2026-02-26,Emergency,13,14,75.6,79.6,14,0
2026-02-26,Emergency,36,29,69.1,66.5,10,1
2026-02-26,Cardiology,19,11,91.4,44.4,12,1
2026-02-26,Neurology,9,1,80.8,43.8,18,0
2026-02-26,General Medicine,21,23,80.2,40.8,10,0
2026-02-27,Pediatrics,10,8,62.2,57.0,17,2
2026-02-27,Neurology,42,45,87.6,38.0,17,0
2026-02-27,Pediatrics,12,6,94.2,21.0,27,0
2026-02-27,Cardiology,23,21,85.9,15.3,8,0
2026-02-27,Neurology,33,34,97.4,19.8,8,0
2026-02-27,Cardiology,18,15,99.3,5.0,24,1
2026-02-27,Orthopedics,43,44,82.5,15.4,23,0
2026-02-28,Orthopedics,32,24,76.5,56.2,20,0
2026-02-28,Emergency,9,13,80.7,66.5,8,2
2026-02-28,Orthopedics,20,18,81.8,9.7,8,0
2026-02-28,Orthopedics,42,42,100.0,26.5,29,0
2026-02-28,Pediatrics,36,35,70.4,43.6,29,2
2026-02-28,Neurology,9,2,100.0,14.4,29,1
2026-03-01,Neurology,17,14,78.9,17.9,8,0
2026-03-01,Orthopedics,20,22,76.5,40.0,22,0
2026-03-01,Orthopedics,26,31,64.1,38.9,20,2
2026-03-01,Pediatrics,20,13,67.4,38.1,9,1
2026-03-01,Pediatrics,21,19,97.7,47.9,14,0
2026-03-01,General Medicine,16,21,80.2,51.3,15,0
2026-03-02,General Medicine,31,28,70.1,42.2,12,0
2026-03-02,Orthopedics,36,39,97.2,23.1,18,0
2026-03-02,Emergency,40,44,78.7,97.3,14,2
2026-03-03,Cardiology,35,39,75.2,37.9,23,1
2026-03-03,Emergency,12,6,79.4,87.7,12,1
2026-03-03,General Medicine,37,31,76.8,52.9,12,0
2026-03-03,Neurology,20,17,65.6,22.9,16,0
2026-03-03,Cardiology,27,19,72.0,75.4,18,1
2026-03-04,Emergency,30,28,82.7,66.7,8,1
2026-03-04,Pediatrics,19,12,81.2,40.5,24,0
2026-03-04,Pediatrics,24,20,78.1,32.6,22,0
2026-03-04,Cardiology,26,25,84.3,5.7,26,0
2026-03-05,Neurology,25,27,96.7,41.0,20,0
2026-03-05,Emergency,39,38,87.5,87.2,11,2
2026-03-05,Orthopedics,36,30,72.7,18.0,26,0
2026-03-05,Neurology,34,35,55.7,52.6,22,1
2026-03-05,Neurology,41,36,89.2,16.6,21,0
2026-03-05,Pediatrics,25,17,90.6,45.4,13,2
2026-03-05,Emergency,40,38,96.0,58.0,28,0
2026-03-05,Orthopedics,26,19,70.8,16.1,8,0
2026-03-05,General Medicine,44,46,73.7,57.0,12,1
2026-03-06,General Medicine,32,31,53.5,7.4,15,0
2026-03-06,General Medicine,24,19,75.5,18.2,22,1
2026-03-06,Neurology,43,46,68.7,6.7,15,0
2026-03-06,Orthopedics,30,31,85.5,54.1,26,0
2026-03-06,Emergency,32,35,93.3,64.7,9,2
2026-03-06,Pediatrics,29,25,100.0,18.7,27,1
2026-03-07,Orthopedics,22,26,83.2,52.4,26,0
2026-03-07,Orthopedics,9,5,56.7,18.3,9,0
2026-03-07,Orthopedics,44,47,49.7,33.7,24,0
2026-03-07,Neurology,34,38,84.5,34.2,9,0
2026-03-07,Neurology,20,17,74.4,32.3,29,1
2026-03-07,Orthopedics,39,38,61.6,53.6,29,0
2026-03-08,Emergency,10,2,87.9,40.4,28,1
2026-03-08,Neurology,17,15,65.6,41.6,25,0
2026-03-08,Pediatrics,12,5,86.6,46.2,29,1
2026-03-08,General Medicine,40,41,87.7,41.0,8,0
2026-03-08,Cardiology,31,23,60.2,47.4,26,2
2026-03-08,General Medicine,19,15,91.2,19.3,21,0
2026-03-08,Neurology,20,13,71.7,20.3,9,1
2026-03-08,Cardiology,40,35,55.4,54.9,17,1
2026-03-09,General Medicine,13,6,71.5,8.8,10,0
2026-03-09,Emergency,20,25,91.9,85.4,19,0
2026-03-09,Cardiology,26,28,56.5,32.9,22,1
2026-03-09,Orthopedics,21,18,81.5,71.0,25,0
2026-03-10,Cardiology,15,12,70.2,34.6,20,1
2026-03-10,Orthopedics,8,10,74.8,46.0,17,0
2026-03-10,Emergency,10,5,96.8,64.3,22,1
2026-03-10,General Medicine,42,36,90.5,10.5,11,2
2026-03-11,Pediatrics,42,42,72.3,14.6,18,0
2026-03-11,Orthopedics,29,24,82.1,41.8,16,0
2026-03-11,General Medicine,24,19,79.9,29.3,17,1
2026-03-11,Cardiology,35,36,77.1,10.7,22,0
2026-03-11,Pediatrics,28,31,81.3,52.0,21,1
2026-03-11,Emergency,43,47,100.0,52.4,12,2
2026-03-11,Cardiology,25,28,76.5,34.2,17,0
2026-03-11,Neurology,13,16,58.3,52.6,27,1
2026-03-12,Orthopedics,22,23,86.5,5.0,8,0
2026-03-12,Orthopedics,40,38,83.4,29.1,8,1
2026-03-12,Cardiology,37,36,74.5,25.6,12,1
2026-03-12,General Medicine,10,12,75.0,19.9,21,0
2026-03-13,Pediatrics,15,7,71.8,14.1,10,2
2026-03-13,Orthopedics,42,45,69.6,30.4,21,1
2026-03-13,Neurology,44,47,77.7,49.6,15,0
2026-03-13,Pediatrics,30,26,78.2,79.6,8,0
2026-03-13,Neurology,29,31,75.1,23.9,24,0
2026-03-13,Pediatrics,12,8,82.6,32.7,23,1
2026-03-13,General Medicine,14,6,89.3,66.8,23,1
2026-03-13,Pediatrics,22,27,76.4,18.4,26,0
2026-03-14,Emergency,30,26,70.5,78.3,22,2
2026-03-14,General Medicine,34,30,99.6,41.7,25,1
2026-03-14,Emergency,8,3,79.4,82.6,11,1
2026-03-14,Pediatrics,27,21,73.3,21.3,22,0
2026-03-14,Pediatrics,38,34,53.1,16.5,27,0
2026-03-15,General Medicine,41,38,68.5,22.0,10,2
2026-03-15,Pediatrics,14,7,80.4,41.4,10,0
2026-03-15,General Medicine,11,5,69.4,78.0,21,1
2026-03-15,Orthopedics,20,19,87.4,20.1,17,1
2026-03-15,Pediatrics,17,19,68.2,35.4,25,0
2026-03-15,Emergency,24,18,67.7,89.7,18,1
2026-03-15,Neurology,32,34,88.6,58.9,9,1
2026-03-16,Emergency,11,15,65.8,51.2,13,2
2026-03-16,General Medicine,16,20,81.9,60.4,15,1
2026-03-16,Neurology,12,8,63.0,44.8,11,0
2026-03-16,Neurology,8,6,87.8,8.0,28,0
2026-03-16,Pediatrics,23,28,67.7,50.8,22,0
2026-03-16,Emergency,40,44,98.4,53.9,28,4
2026-03-16,Emergency,22,20,100.0,76.4,24,2
2026-03-17,Emergency,34,32,93.4,70.5,21,1
2026-03-17,Pediatrics,31,29,72.4,17.3,10,0
2026-03-17,Neurology,33,26,55.1,42.5,29,0
2026-03-17,Cardiology,16,14,77.5,36.1,9,0
2026-03-18,Cardiology,16,12,63.6,32.2,17,1
2026-03-18,Orthopedics,29,24,85.6,47.3,10,0
2026-03-18,Pediatrics,41,38,74.8,33.0,15,1
2026-03-19,Cardiology,44,48,79.2,26.1,19,0
2026-03-19,Neurology,37,34,81.1,48.2,21,0
2026-03-19,General Medicine,16,8,65.8,15.1,11,0
2026-03-19,Cardiology,11,12,64.1,12.1,22,0
2026-03-20,Orthopedics,37,38,70.6,35.5,24,1
2026-03-20,General Medicine,29,31,71.7,41.2,16,0
2026-03-20,General Medicine,24,24,50.0,26.1,15,0
2026-03-20,General Medicine,28,24,64.1,42.4,12,0
2026-03-21,Neurology,22,19,61.8,59.6,11,1
2026-03-21,Emergency,42,34,88.4,97.4,12,1
2026-03-21,Neurology,13,11,81.9,22.5,10,1
2026-03-21,Pediatrics,14,6,92.0,32.8,16,1
2026-03-21,Orthopedics,22,14,78.7,18.2,19,0
2026-03-21,Pediatrics,36,39,96.5,47.7,26,1
2026-03-21,Orthopedics,15,9,61.3,24.2,19,0
2026-03-22,Pediatrics,43,47,60.8,51.7,13,0
2026-03-22,Emergency,10,6,91.5,58.4,11,1
2026-03-22,Pediatrics,39,35,89.4,65.0,9,0
2026-03-22,Orthopedics,38,36,83.3,55.6,9,1
2026-03-22,Emergency,21,18,100.0,80.1,14,0
2026-03-22,General Medicine,39,36,45.5,67.8,16,0
2026-03-22,Cardiology,42,43,84.0,15.5,14,1
2026-03-22,Neurology,15,18,81.7,55.5,17,0
2026-03-23,Emergency,32,26,91.2,71.7,28,1
2026-03-23,Pediatrics,15,14,79.6,50.0,19,1
2026-03-23,Orthopedics,25,29,88.9,42.7,11,0
2026-03-23,Pediatrics,33,33,82.6,21.5,9,1
2026-03-24,Pediatrics,8,7,61.5,38.7,19,0
2026-03-24,Neurology,19,20,74.3,23.9,23,0
2026-03-24,Cardiology,41,35,90.7,5.0,10,0
2026-03-24,General Medicine,13,10,100.0,66.7,28,0
2026-03-24,Emergency,10,6,96.1,76.9,20,2
2026-03-25,General Medicine,34,38,61.5,45.2,20,1
2026-03-25,Pediatrics,43,40,75.5,6.2,29,0
2026-03-25,General Medicine,29,31,82.4,54.1,20,0
2026-03-25,Emergency,20,14,78.2,60.7,10,3
2026-03-25,General Medicine,10,13,89.3,15.7,11,1
2026-03-26,Emergency,28,22,88.0,90.7,8,1
2026-03-26,General Medicine,39,38,74.7,5.0,25,0
2026-03-26,General Medicine,22,24,69.7,42.6,26,0
2026-03-26,Emergency,38,41,65.8,30.8,9,0
2026-03-26,Cardiology,38,35,86.3,55.2,28,1
2026-03-26,Cardiology,43,40,80.9,5.0,13,1
2026-03-27,Orthopedics,21,20,86.5,45.7,9,0
2026-03-27,Pediatrics,35,28,69.1,15.6,20,0
2026-03-27,Neurology,29,24,79.5,5.0,20,0
2026-03-27,Orthopedics,31,36,75.5,51.9,21,0
2026-03-27,General Medicine,30,27,83.7,34.7,27,0
2026-03-27,Cardiology,28,23,95.4,60.3,28,0
2026-03-27,General Medicine,30,33,88.7,23.6,20,0
2026-03-27,Cardiology,24,26,77.7,40.8,28,0
2026-03-27,Orthopedics,9,5,95.7,31.3,29,1
2026-03-28,Orthopedics,21,13,44.7,38.8,13,0
2026-03-28,Cardiology,9,9,96.1,39.5,27,0
2026-03-28,Neurology,31,26,73.5,42.1,12,0
2026-03-28,Pediatrics,28,21,85.3,22.3,20,0
2026-03-28,Neurology,33,34,60.0,75.5,28,0
2026-03-29,Pediatrics,27,23,64.6,57.8,15,0
2026-03-29,Pediatrics,22,16,78.6,5.0,24,1
2026-03-29,Orthopedics,22,15,63.8,85.6,11,1
2026-03-29,Emergency,15,14,90.5,57.4,13,1
2026-03-29,Pediatrics,26,24,68.3,23.5,23,1
2026-03-29,Pediatrics,30,25,50.4,88.5,25,2
2026-03-30,Orthopedics,32,36,73.0,55.4,21,1
2026-03-30,Pediatrics,20,20,75.7,18.6,18,0
2026-03-30,Neurology,35,39,96.6,59.7,11,1
2026-03-31,Orthopedics,15,11,66.9,16.2,12,3
2026-03-31,Emergency,9,13,99.9,60.4,25,2
2026-03-31,Neurology,20,19,86.4,59.3,29,0
2026-03-31,Cardiology,41,44,68.5,25.6,28,0
2026-03-31,General Medicine,28,29,64.1,31.4,18,0
