date,department,admissions,discharges,emergency_cases,available_beds,occupied_beds,bed_utilization,staff_count,staff_utilization,equipment_utilization,average_los,treatment_demand
2026-01-01,Emergency,64,55,21,45,45,100.0,28,98.26,77.07,3.31,83
2026-01-01,Cardiology,40,36,0,35,31,88.57,24,81.9,78.88,3.89,47
2026-01-01,Neurology,31,28,2,30,22,73.33,20,73.43,87.16,4.65,31
2026-01-01,Orthopedics,44,39,2,40,32,80.0,22,87.68,72.05,5.38,64
2026-01-01,General Medicine,67,55,1,55,55,100.0,30,78.02,79.77,3.07,84
2026-01-01,Pediatrics,42,37,1,30,30,100.0,21,86.29,67.77,2.78,57
2026-01-02,Emergency,63,50,22,45,45,100.0,28,84.5,73.2,2.92,83
2026-01-02,Cardiology,38,32,2,35,32,91.43,24,90.83,72.17,4.33,41
2026-01-02,Neurology,38,37,1,30,30,100.0,20,95.15,82.27,4.85,55
2026-01-02,Orthopedics,46,45,3,40,29,72.5,22,91.85,78.41,5.86,47
2026-01-02,General Medicine,65,58,4,55,55,100.0,30,82.21,71.03,4.64,82
2026-01-02,Pediatrics,36,33,2,30,29,96.67,21,91.41,70.9,2.83,37
2026-01-03,Emergency,52,46,16,45,42,93.33,28,81.16,63.7,1.96,60
2026-01-03,Cardiology,34,31,2,35,33,94.29,24,82.91,76.17,3.76,42
2026-01-03,Neurology,29,32,0,30,23,76.67,20,84.05,74.03,5.4,40
2026-01-03,Orthopedics,42,34,7,40,38,95.0,22,74.19,80.69,5.11,49
2026-01-03,General Medicine,55,46,5,55,40,72.73,30,82.65,66.0,3.36,76
2026-01-03,Pediatrics,28,23,4,30,25,83.33,21,70.98,74.22,1.97,35
2026-01-04,Emergency,52,48,18,45,38,84.44,28,73.56,79.19,2.38,66
2026-01-04,Cardiology,31,27,3,35,26,74.29,24,74.95,87.61,4.27,42
2026-01-04,Neurology,25,24,2,30,23,76.67,20,73.44,79.77,5.18,40
2026-01-04,Orthopedics,37,30,3,40,27,67.5,22,75.67,73.24,5.99,50
2026-01-04,General Medicine,55,52,2,55,44,80.0,30,100.0,79.51,3.25,71
2026-01-04,Pediatrics,31,29,0,30,26,86.67,21,80.98,67.17,2.79,43
2026-01-05,Emergency,63,51,21,45,45,100.0,28,89.9,71.55,2.24,73
2026-01-05,Cardiology,44,40,1,35,35,100.0,24,94.85,67.82,5.46,57
2026-01-05,Neurology,37,44,4,30,30,100.0,20,95.39,86.44,4.38,50
2026-01-05,Orthopedics,43,37,0,40,33,82.5,22,85.1,94.95,6.28,45
2026-01-05,General Medicine,63,58,6,55,51,92.73,30,77.56,71.18,3.49,79
2026-01-05,Pediatrics,39,32,3,30,30,100.0,21,90.95,61.86,2.64,53
2026-01-06,Emergency,56,48,18,45,45,100.0,28,90.46,66.72,1.87,66
2026-01-06,Cardiology,50,45,6,35,35,100.0,24,97.37,98.66,4.04,60
2026-01-06,Neurology,40,33,3,30,30,100.0,20,94.92,73.08,2.33,44
2026-01-06,Orthopedics,45,35,3,40,40,100.0,22,75.56,73.77,6.81,49
2026-01-06,General Medicine,75,66,4,55,55,100.0,30,92.73,82.09,4.05,91
2026-01-06,Pediatrics,39,36,0,30,30,100.0,21,77.85,95.12,2.99,51
2026-01-07,Emergency,63,53,23,45,45,100.0,28,83.75,73.9,2.45,75
2026-01-07,Cardiology,46,41,2,35,35,100.0,24,93.04,73.16,5.62,60
2026-01-07,Neurology,35,31,2,30,30,100.0,20,81.92,82.06,4.45,49
2026-01-07,Orthopedics,51,47,3,40,40,100.0,22,88.86,85.31,6.03,63
2026-01-07,General Medicine,67,60,2,55,52,94.55,30,100.0,70.05,4.81,87
2026-01-07,Pediatrics,41,37,1,30,30,100.0,21,81.49,79.69,3.78,50
2026-01-08,Emergency,56,48,19,45,45,100.0,28,80.45,69.75,2.37,67
2026-01-08,Cardiology,40,35,2,35,28,80.0,24,75.31,71.2,5.32,57
2026-01-08,Neurology,39,33,2,30,30,100.0,20,81.79,79.79,4.83,44
2026-01-08,Orthopedics,49,47,3,40,39,97.5,22,90.48,84.52,5.96,61
2026-01-08,General Medicine,67,56,7,55,55,100.0,30,90.05,89.71,5.51,79
2026-01-08,Pediatrics,42,37,2,30,30,100.0,21,82.74,72.88,1.61,49
2026-01-09,Emergency,56,49,17,45,45,100.0,28,97.53,83.93,1.57,72
2026-01-09,Cardiology,36,37,5,35,33,94.29,24,79.56,61.35,5.02,51
2026-01-09,Neurology,29,23,3,30,23,76.67,20,82.27,70.71,3.85,35
2026-01-09,Orthopedics,47,42,6,40,40,100.0,22,78.75,65.87,6.03,55
2026-01-09,General Medicine,78,68,9,55,55,100.0,30,91.07,97.89,3.83,102
2026-01-09,Pediatrics,41,40,0,30,30,100.0,21,92.57,87.55,2.27,41
2026-01-10,Emergency,60,54,17,45,45,100.0,28,86.52,90.67,1.01,74
2026-01-10,Cardiology,36,31,4,35,23,65.71,24,82.22,64.62,5.36,40
2026-01-10,Neurology,27,20,3,30,21,70.0,20,87.25,65.3,4.23,29
2026-01-10,Orthopedics,38,30,3,40,29,72.5,22,73.52,90.0,5.31,48
2026-01-10,General Medicine,67,58,4,55,55,100.0,30,91.87,73.86,3.81,72
2026-01-10,Pediatrics,25,26,2,30,25,83.33,21,75.97,75.47,5.26,36
2026-01-11,Emergency,61,50,17,45,45,100.0,28,87.82,71.91,1.75,70
2026-01-11,Cardiology,42,39,1,35,34,97.14,24,96.68,78.51,6.17,55
2026-01-11,Neurology,25,21,5,30,17,56.67,20,69.51,79.47,3.62,34
2026-01-11,Orthopedics,35,29,1,40,26,65.0,22,74.29,73.39,5.99,43
2026-01-11,General Medicine,66,55,3,55,52,94.55,30,91.49,81.81,4.07,86
2026-01-11,Pediatrics,25,23,0,30,18,60.0,21,81.71,64.75,1.96,31
2026-01-12,Emergency,78,65,24,45,45,100.0,28,81.57,83.0,1.74,97
2026-01-12,Cardiology,38,32,0,35,34,97.14,24,79.96,82.69,5.47,54
2026-01-12,Neurology,26,20,0,30,23,76.67,20,78.45,75.59,4.66,31
2026-01-12,Orthopedics,52,46,3,40,40,100.0,22,86.35,76.38,6.08,62
2026-01-12,General Medicine,86,81,6,55,55,100.0,30,91.25,93.41,2.57,102
2026-01-12,Pediatrics,31,26,2,30,25,83.33,21,93.22,76.56,3.68,27
2026-01-13,Emergency,63,57,20,45,45,100.0,28,95.21,81.33,2.64,90
2026-01-13,Cardiology,43,38,1,35,33,94.29,24,80.95,85.01,5.15,51
2026-01-13,Neurology,37,33,1,30,30,100.0,20,83.87,76.65,4.29,48
2026-01-13,Orthopedics,50,41,7,40,40,100.0,22,97.68,82.74,5.26,56
2026-01-13,General Medicine,54,52,2,55,46,83.64,30,81.41,76.44,5.71,68
2026-01-13,Pediatrics,39,36,4,30,30,100.0,21,88.08,71.73,4.42,55
2026-01-14,Emergency,72,61,26,45,45,100.0,28,89.92,82.01,1.02,97
2026-01-14,Cardiology,41,34,3,35,30,85.71,24,74.15,84.01,4.2,44
2026-01-14,Neurology,34,34,2,30,27,90.0,20,74.85,75.16,2.71,42
2026-01-14,Orthopedics,45,41,1,40,40,100.0,22,93.46,75.13,7.6,56
2026-01-14,General Medicine,67,58,4,55,55,100.0,30,85.56,73.51,3.98,81
2026-01-14,Pediatrics,36,31,5,30,28,93.33,21,95.16,55.31,3.97,34
2026-01-15,Emergency,59,50,23,45,44,97.78,28,80.16,68.42,2.85,80
2026-01-15,Cardiology,45,36,5,35,35,100.0,24,91.48,69.54,4.93,54
2026-01-15,Neurology,38,34,4,30,30,100.0,20,96.24,70.73,5.02,45
2026-01-15,Orthopedics,48,38,5,40,40,100.0,22,85.85,74.39,5.31,52
2026-01-15,General Medicine,55,50,7,55,41,74.55,30,94.45,57.84,4.15,68
2026-01-15,Pediatrics,36,32,3,30,29,96.67,21,92.35,77.43,2.85,44
2026-01-16,Emergency,63,50,21,45,45,100.0,28,92.4,79.99,2.21,80
2026-01-16,Cardiology,40,32,0,35,33,94.29,24,78.31,80.21,5.82,52
2026-01-16,Neurology,36,34,0,30,30,100.0,20,93.85,63.52,4.16,45
2026-01-16,Orthopedics,49,40,1,40,40,100.0,22,82.38,74.11,5.15,54
2026-01-16,General Medicine,60,55,5,55,46,83.64,30,100.0,79.95,3.4,78
2026-01-16,Pediatrics,36,32,1,30,30,100.0,21,83.96,85.71,3.08,53
2026-01-17,Emergency,46,45,17,45,39,86.67,28,76.46,78.11,2.64,49
2026-01-17,Cardiology,31,26,0,35,25,71.43,24,84.29,74.11,5.37,41
2026-01-17,Neurology,31,30,0,30,27,90.0,20,86.53,74.88,4.9,39
2026-01-17,Orthopedics,40,31,4,40,29,72.5,22,90.32,74.83,5.82,50
2026-01-17,General Medicine,61,52,4,55,50,90.91,30,81.13,72.82,4.16,73
2026-01-17,Pediatrics,37,29,3,30,29,96.67,21,82.18,88.6,3.82,38
2026-01-18,Emergency,52,48,20,45,42,93.33,28,90.26,70.88,3.81,63
2026-01-18,Cardiology,32,32,1,35,30,85.71,24,76.87,69.8,4.16,35
2026-01-18,Neurology,25,19,0,30,20,66.67,20,80.83,84.47,5.29,30
2026-01-18,Orthopedics,38,35,4,40,27,67.5,22,84.58,75.62,6.0,59
2026-01-18,General Medicine,50,42,6,55,39,70.91,30,76.44,67.9,4.99,59
2026-01-18,Pediatrics,28,26,0,30,21,70.0,21,84.03,74.02,4.18,43
2026-01-19,Emergency,57,48,23,45,45,100.0,28,87.14,81.92,2.08,67
2026-01-19,Cardiology,36,29,3,35,29,82.86,24,95.4,70.91,5.09,50
2026-01-19,Neurology,45,38,7,30,30,100.0,20,100.0,88.77,5.01,54
2026-01-19,Orthopedics,50,47,6,40,40,100.0,22,91.74,87.96,6.77,65
2026-01-19,General Medicine,65,57,4,55,55,100.0,30,80.11,80.45,4.02,87
2026-01-19,Pediatrics,40,35,7,30,28,93.33,21,92.37,83.74,2.88,51
2026-01-20,Emergency,63,60,21,45,45,100.0,28,89.15,83.48,1.89,79
2026-01-20,Cardiology,47,38,0,35,35,100.0,24,84.31,89.82,4.71,60
2026-01-20,Neurology,41,35,0,30,30,100.0,20,100.0,69.48,4.91,48
2026-01-20,Orthopedics,41,38,5,40,34,85.0,22,79.53,65.33,6.26,50
2026-01-20,General Medicine,80,67,6,55,55,100.0,30,86.49,81.64,3.83,101
2026-01-20,Pediatrics,33,33,3,30,26,86.67,21,90.56,77.71,3.5,43
2026-01-21,Emergency,65,61,24,45,45,100.0,28,92.96,78.55,1.73,90
2026-01-21,Cardiology,42,32,2,35,34,97.14,24,81.55,84.62,4.79,43
2026-01-21,Neurology,34,22,3,30,23,76.67,20,90.7,83.41,3.92,42
2026-01-21,Orthopedics,47,37,3,40,40,100.0,22,92.76,76.38,5.95,48
2026-01-21,General Medicine,65,55,6,55,50,90.91,30,83.87,91.88,3.6,84
2026-01-21,Pediatrics,45,42,4,30,30,100.0,21,85.76,86.73,3.73,59
2026-01-22,Emergency,68,58,21,45,45,100.0,28,90.58,96.86,3.42,85
2026-01-22,Cardiology,39,32,1,35,31,88.57,24,87.55,80.66,5.08,59
2026-01-22,Neurology,42,38,1,30,30,100.0,20,91.72,86.53,4.42,44
2026-01-22,Orthopedics,49,45,0,40,38,95.0,22,98.68,69.19,5.96,66
2026-01-22,General Medicine,79,68,8,55,55,100.0,30,90.7,80.32,4.46,90
2026-01-22,Pediatrics,45,43,4,30,30,100.0,21,93.06,85.1,2.71,52
2026-01-23,Emergency,61,57,15,45,45,100.0,28,83.81,84.14,3.0,67
2026-01-23,Cardiology,40,31,3,35,28,80.0,24,93.28,73.21,5.07,52
2026-01-23,Neurology,36,27,2,30,30,100.0,20,83.29,65.8,5.65,49
2026-01-23,Orthopedics,45,38,4,40,35,87.5,22,100.0,80.34,6.52,57
2026-01-23,General Medicine,65,56,5,55,53,96.36,30,85.57,83.32,4.51,80
2026-01-23,Pediatrics,39,28,0,30,30,100.0,21,88.94,86.04,4.56,48
2026-01-24,Emergency,57,47,23,45,45,100.0,28,77.43,71.66,2.07,72
2026-01-24,Cardiology,38,34,2,35,31,88.57,24,86.55,95.23,5.24,52
2026-01-24,Neurology,33,32,0,30,28,93.33,20,76.69,89.63,4.81,37
2026-01-24,Orthopedics,38,34,3,40,32,80.0,22,84.86,87.2,5.63,52
2026-01-24,General Medicine,63,51,7,55,53,96.36,30,90.01,74.52,3.89,79
2026-01-24,Pediatrics,31,27,0,30,22,73.33,21,71.41,86.7,2.41,27
2026-01-25,Emergency,46,36,20,45,42,93.33,28,87.47,67.55,2.89,55
2026-01-25,Cardiology,23,27,6,35,14,40.0,24,63.8,77.08,6.07,31
2026-01-25,Neurology,31,29,2,30,27,90.0,20,85.28,76.27,4.07,37
2026-01-25,Orthopedics,30,26,5,40,21,52.5,22,69.99,72.3,6.44,29
2026-01-25,General Medicine,48,45,1,55,36,65.45,30,78.03,76.8,4.07,53
2026-01-25,Pediatrics,29,26,3,30,19,63.33,21,83.31,72.76,3.26,43
2026-01-26,Emergency,62,53,21,45,45,100.0,28,90.6,78.68,1.71,74
2026-01-26,Cardiology,36,36,4,35,25,71.43,24,77.99,69.31,4.89,51
2026-01-26,Neurology,33,29,3,30,24,80.0,20,99.7,67.06,5.04,43
2026-01-26,Orthopedics,46,40,8,40,37,92.5,22,85.07,85.43,5.41,50
2026-01-26,General Medicine,66,65,4,55,51,92.73,30,97.67,91.22,4.4,90
2026-01-26,Pediatrics,37,31,0,30,28,93.33,21,78.15,71.83,3.12,42
2026-01-27,Emergency,63,50,22,45,45,100.0,28,93.03,62.67,3.06,72
2026-01-27,Cardiology,50,45,4,35,35,100.0,24,90.56,86.15,5.48,57
2026-01-27,Neurology,36,27,5,30,29,96.67,20,80.42,72.37,5.36,48
2026-01-27,Orthopedics,41,35,4,40,37,92.5,22,84.47,94.13,5.93,49
2026-01-27,General Medicine,68,59,2,55,55,100.0,30,93.63,72.11,2.71,87
2026-01-27,Pediatrics,34,23,4,30,29,96.67,21,100.0,75.44,3.16,42
2026-01-28,Emergency,67,58,24,45,45,100.0,28,91.05,74.58,2.08,79
2026-01-28,Cardiology,45,36,4,35,35,100.0,24,87.99,88.0,5.08,60
2026-01-28,Neurology,41,37,2,30,30,100.0,20,81.0,72.54,4.17,50
2026-01-28,Orthopedics,47,42,0,40,38,95.0,22,90.02,78.66,5.14,58
2026-01-28,General Medicine,58,52,7,55,52,94.55,30,91.8,73.69,4.1,70
2026-01-28,Pediatrics,36,30,2,30,28,93.33,21,85.82,77.8,3.41,50
2026-01-29,Emergency,67,54,22,45,45,100.0,28,95.34,68.99,1.38,74
2026-01-29,Cardiology,45,41,4,35,35,100.0,24,69.92,74.95,4.06,57
2026-01-29,Neurology,35,32,2,30,29,96.67,20,79.25,87.26,4.58,39
2026-01-29,Orthopedics,44,36,0,40,35,87.5,22,97.03,65.88,6.83,53
2026-01-29,General Medicine,62,57,3,55,49,89.09,30,97.52,82.02,5.51,74
2026-01-29,Pediatrics,42,37,1,30,30,100.0,21,99.33,79.86,3.42,49
2026-01-30,Emergency,74,65,23,45,45,100.0,28,92.89,71.44,3.04,89
2026-01-30,Cardiology,37,34,1,35,33,94.29,24,88.45,83.49,4.1,53
2026-01-30,Neurology,34,29,7,30,30,100.0,20,89.27,80.77,4.15,47
2026-01-30,Orthopedics,47,42,5,40,40,100.0,22,90.17,82.45,5.54,54
2026-01-30,General Medicine,59,46,4,55,54,98.18,30,75.91,73.93,4.22,77
2026-01-30,Pediatrics,42,35,6,30,30,100.0,21,90.38,77.61,3.44,56
2026-01-31,Emergency,54,51,17,45,44,97.78,28,74.52,78.87,1.83,70
2026-01-31,Cardiology,40,35,8,35,33,94.29,24,97.07,78.87,5.5,41
2026-01-31,Neurology,32,29,0,30,30,100.0,20,88.71,74.89,4.45,35
2026-01-31,Orthopedics,35,32,3,40,33,82.5,22,83.1,63.43,6.64,40
2026-01-31,General Medicine,54,47,5,55,41,74.55,30,86.34,73.23,3.38,65
2026-01-31,Pediatrics,35,29,4,30,30,100.0,21,81.2,77.8,2.11,34
2026-02-01,Emergency,40,38,13,45,31,68.89,28,95.91,66.58,3.28,60
2026-02-01,Cardiology,44,42,2,35,35,100.0,24,91.62,85.07,4.53,54
2026-02-01,Neurology,28,23,5,30,25,83.33,20,87.94,74.46,3.8,34
2026-02-01,Orthopedics,35,25,4,40,28,70.0,22,79.48,85.11,5.08,53
2026-02-01,General Medicine,63,57,7,55,50,90.91,30,78.38,73.92,5.32,86
2026-02-01,Pediatrics,30,23,2,30,25,83.33,21,68.48,76.01,2.77,29
2026-02-02,Emergency,64,54,25,45,45,100.0,28,67.49,78.73,3.36,77
2026-02-02,Cardiology,39,35,5,35,28,80.0,24,86.69,82.6,5.03,47
2026-02-02,Neurology,32,25,0,30,25,83.33,20,86.57,83.31,5.64,38
2026-02-02,Orthopedics,46,38,3,40,30,75.0,22,92.28,83.61,5.85,60
2026-02-02,General Medicine,55,46,1,55,47,85.45,30,73.39,76.85,4.33,68
2026-02-02,Pediatrics,32,31,4,30,24,80.0,21,76.44,76.06,2.39,40
2026-02-03,Emergency,64,58,21,45,45,100.0,28,85.03,72.32,1.45,65
2026-02-03,Cardiology,44,41,7,35,28,80.0,24,80.41,83.8,5.11,51
2026-02-03,Neurology,35,34,0,30,26,86.67,20,80.47,73.83,4.69,51
2026-02-03,Orthopedics,48,41,3,40,38,95.0,22,76.2,85.64,5.67,75
2026-02-03,General Medicine,69,58,2,55,55,100.0,30,95.34,79.61,4.64,82
2026-02-03,Pediatrics,47,44,5,30,30,100.0,21,100.0,82.71,3.44,54
2026-02-04,Emergency,57,53,20,45,45,100.0,28,81.97,69.01,3.64,65
2026-02-04,Cardiology,42,41,4,35,34,97.14,24,89.48,69.4,4.97,57
2026-02-04,Neurology,40,42,2,30,30,100.0,20,91.78,82.06,4.84,48
2026-02-04,Orthopedics,47,45,3,40,35,87.5,22,94.6,88.68,4.31,55
2026-02-04,General Medicine,76,66,7,55,55,100.0,30,86.33,87.52,3.83,93
2026-02-04,Pediatrics,37,29,6,30,30,100.0,21,83.0,86.77,3.8,44
2026-02-05,Emergency,64,56,24,45,45,100.0,28,89.87,69.51,1.87,81
2026-02-05,Cardiology,43,37,0,35,35,100.0,24,83.57,85.34,5.19,63
2026-02-05,Neurology,31,25,3,30,26,86.67,20,84.57,78.24,5.04,44
2026-02-05,Orthopedics,49,42,1,40,40,100.0,22,100.0,77.94,6.57,60
2026-02-05,General Medicine,51,47,4,55,40,72.73,30,80.07,75.96,4.5,61
2026-02-05,Pediatrics,41,35,5,30,30,100.0,21,92.08,71.6,2.72,55
2026-02-06,Emergency,64,61,21,45,45,100.0,28,85.15,78.79,2.76,71
2026-02-06,Cardiology,37,29,2,35,33,94.29,24,95.4,74.69,5.15,52
2026-02-06,Neurology,32,28,4,30,29,96.67,20,87.51,77.52,2.71,43
2026-02-06,Orthopedics,43,32,5,40,36,90.0,22,94.14,75.33,6.93,60
2026-02-06,General Medicine,79,71,4,55,55,100.0,30,79.75,79.73,5.52,97
2026-02-06,Pediatrics,39,35,3,30,30,100.0,21,98.38,73.08,2.58,42
2026-02-07,Emergency,46,40,15,45,36,80.0,28,75.55,61.8,1.15,61
2026-02-07,Cardiology,35,26,5,35,27,77.14,24,77.0,77.13,3.79,44
2026-02-07,Neurology,28,26,0,30,23,76.67,20,75.99,71.2,5.35,35
2026-02-07,Orthopedics,48,42,0,40,37,92.5,22,76.55,64.15,5.99,62
2026-02-07,General Medicine,43,40,5,55,33,60.0,30,78.79,83.8,3.81,49
2026-02-07,Pediatrics,23,18,1,30,18,60.0,21,69.55,68.78,2.94,25
2026-02-08,Emergency,51,46,17,45,38,84.44,28,92.28,73.9,2.7,64
2026-02-08,Cardiology,39,35,3,35,30,85.71,24,87.11,67.32,5.08,47
2026-02-08,Neurology,28,18,0,30,21,70.0,20,81.9,75.03,5.49,30
2026-02-08,Orthopedics,43,39,5,40,33,82.5,22,96.95,66.88,6.5,50
2026-02-08,General Medicine,65,56,6,55,54,98.18,30,87.66,76.43,4.56,72
2026-02-08,Pediatrics,37,27,2,30,30,100.0,21,93.14,68.3,2.33,45
2026-02-09,Emergency,59,54,19,45,45,100.0,28,95.37,72.81,1.02,69
2026-02-09,Cardiology,46,45,4,35,34,97.14,24,84.48,79.58,4.53,59
2026-02-09,Neurology,34,29,2,30,29,96.67,20,85.42,73.63,4.54,40
2026-02-09,Orthopedics,45,44,2,40,38,95.0,22,83.5,82.86,6.62,58
2026-02-09,General Medicine,66,59,5,55,49,89.09,30,78.31,68.25,5.21,93
2026-02-09,Pediatrics,41,37,2,30,28,93.33,21,83.97,72.78,2.98,48
2026-02-10,Emergency,60,55,18,45,45,100.0,28,87.67,94.23,1.0,73
2026-02-10,Cardiology,47,47,3,35,34,97.14,24,92.69,76.54,6.95,51
2026-02-10,Neurology,36,33,2,30,30,100.0,20,87.44,80.71,4.79,43
2026-02-10,Orthopedics,50,42,3,40,40,100.0,22,87.99,88.44,4.56,68
2026-02-10,General Medicine,75,64,12,55,55,100.0,30,99.12,63.41,4.74,94
2026-02-10,Pediatrics,38,34,3,30,30,100.0,21,90.4,81.99,2.96,46
2026-02-11,Emergency,75,69,25,45,45,100.0,28,71.42,87.79,2.19,91
2026-02-11,Cardiology,47,44,1,35,35,100.0,24,92.06,72.49,4.66,63
2026-02-11,Neurology,39,35,3,30,30,100.0,20,92.43,74.81,5.16,52
2026-02-11,Orthopedics,53,48,2,40,40,100.0,22,97.25,80.5,5.69,62
2026-02-11,General Medicine,77,67,6,55,55,100.0,30,88.08,65.95,4.0,92
2026-02-11,Pediatrics,41,38,1,30,28,93.33,21,82.43,72.93,3.68,50
2026-02-12,Emergency,73,58,25,45,45,100.0,28,82.53,82.37,3.15,84
2026-02-12,Cardiology,28,25,1,35,28,80.0,24,86.88,72.94,5.66,30
2026-02-12,Neurology,37,34,1,30,30,100.0,20,100.0,81.95,4.58,37
2026-02-12,Orthopedics,43,36,5,40,33,82.5,22,85.59,69.85,5.8,53
2026-02-12,General Medicine,80,70,5,55,55,100.0,30,85.26,76.74,3.06,95
2026-02-12,Pediatrics,37,35,2,30,30,100.0,21,86.61,83.84,3.37,45
2026-02-13,Emergency,63,53,23,45,44,97.78,28,86.26,90.0,2.88,84
2026-02-13,Cardiology,42,37,5,35,32,91.43,24,84.1,82.82,5.0,50
2026-02-13,Neurology,35,32,0,30,24,80.0,20,69.99,73.28,4.24,43
2026-02-13,Orthopedics,44,43,1,40,37,92.5,22,87.15,81.83,6.53,54
2026-02-13,General Medicine,72,60,3,55,54,98.18,30,94.13,82.61,3.39,95
2026-02-13,Pediatrics,34,34,3,30,25,83.33,21,87.84,72.86,2.72,41
2026-02-14,Emergency,50,40,15,45,43,95.56,28,78.41,72.53,1.0,61
2026-02-14,Cardiology,45,41,4,35,35,100.0,24,86.21,79.5,4.27,61
2026-02-14,Neurology,32,30,3,30,27,90.0,20,84.14,81.38,4.35,37
2026-02-14,Orthopedics,39,38,3,40,28,70.0,22,72.16,76.03,5.92,49
2026-02-14,General Medicine,53,51,0,55,38,69.09,30,75.63,73.07,3.88,74
2026-02-14,Pediatrics,32,28,1,30,22,73.33,21,77.8,71.46,4.0,42
2026-02-15,Emergency,43,38,12,45,36,80.0,28,87.18,84.72,1.63,47
2026-02-15,Cardiology,33,30,2,35,30,85.71,24,80.57,71.07,4.52,51
2026-02-15,Neurology,23,20,1,30,24,80.0,20,77.86,69.42,4.47,35
2026-02-15,Orthopedics,27,28,3,40,17,42.5,22,74.28,66.14,4.68,36
2026-02-15,General Medicine,69,56,5,55,55,100.0,30,82.67,82.11,3.55,88
2026-02-15,Pediatrics,39,33,4,30,30,100.0,21,77.46,70.41,4.14,50
2026-02-16,Emergency,59,51,19,45,44,97.78,28,89.83,84.37,1.87,75
2026-02-16,Cardiology,40,35,1,35,35,100.0,24,83.43,74.08,5.62,49
2026-02-16,Neurology,33,33,4,30,30,100.0,20,80.48,61.63,4.12,45
2026-02-16,Orthopedics,37,35,1,40,26,65.0,22,86.5,73.97,5.52,49
2026-02-16,General Medicine,67,60,5,55,55,100.0,30,75.62,91.04,3.37,77
2026-02-16,Pediatrics,38,36,3,30,30,100.0,21,96.46,65.93,2.22,49
2026-02-17,Emergency,67,57,23,45,45,100.0,28,90.19,83.42,3.07,78
2026-02-17,Cardiology,45,43,3,35,31,88.57,24,90.29,75.28,5.34,53
2026-02-17,Neurology,33,29,0,30,23,76.67,20,77.09,82.0,5.07,43
2026-02-17,Orthopedics,38,31,3,40,34,85.0,22,75.04,70.57,6.35,46
2026-02-17,General Medicine,62,58,3,55,55,100.0,30,91.59,77.28,3.42,80
2026-02-17,Pediatrics,40,39,1,30,30,100.0,21,76.62,86.99,2.83,51
2026-02-18,Emergency,74,74,26,45,45,100.0,28,90.32,86.49,1.98,101
2026-02-18,Cardiology,43,39,2,35,35,100.0,24,89.85,85.08,4.71,48
2026-02-18,Neurology,37,34,4,30,30,100.0,20,99.16,78.77,3.84,44
2026-02-18,Orthopedics,50,46,3,40,40,100.0,22,87.69,67.29,6.42,65
2026-02-18,General Medicine,70,61,6,55,55,100.0,30,83.04,84.59,4.34,84
2026-02-18,Pediatrics,30,29,1,30,23,76.67,21,74.82,78.98,3.84,40
2026-02-19,Emergency,66,53,22,45,45,100.0,28,90.23,76.65,1.0,84
2026-02-19,Cardiology,37,28,6,35,25,71.43,24,91.21,70.49,4.72,37
2026-02-19,Neurology,31,30,3,30,24,80.0,20,79.47,76.72,5.38,45
2026-02-19,Orthopedics,45,35,1,40,35,87.5,22,87.39,69.58,6.04,56
2026-02-19,General Medicine,67,56,7,55,54,98.18,30,80.1,85.22,2.71,79
2026-02-19,Pediatrics,32,26,0,30,25,83.33,21,71.97,67.08,3.25,40
2026-02-20,Emergency,56,49,21,45,44,97.78,28,82.5,89.71,1.29,74
2026-02-20,Cardiology,46,37,1,35,35,100.0,24,99.4,70.81,5.81,58
2026-02-20,Neurology,37,33,5,30,30,100.0,20,78.15,87.19,4.44,46
2026-02-20,Orthopedics,39,35,2,40,33,82.5,22,81.99,83.71,6.2,43
2026-02-20,General Medicine,67,58,7,55,55,100.0,30,83.98,77.05,3.69,75
2026-02-20,Pediatrics,46,44,4,30,30,100.0,21,95.74,77.63,3.31,56
2026-02-21,Emergency,45,37,13,45,34,75.56,28,74.18,72.19,2.68,63
2026-02-21,Cardiology,32,28,4,35,27,77.14,24,83.83,73.77,5.44,33
2026-02-21,Neurology,32,30,2,30,23,76.67,20,84.27,81.47,5.35,51
2026-02-21,Orthopedics,34,25,5,40,28,70.0,22,84.86,70.72,4.86,45
2026-02-21,General Medicine,50,49,5,55,46,83.64,30,74.97,68.6,3.73,62
2026-02-21,Pediatrics,32,22,5,30,26,86.67,21,77.29,70.51,2.22,44
2026-02-22,Emergency,48,41,18,45,41,91.11,28,83.58,78.27,1.97,56
2026-02-22,Cardiology,30,23,0,35,33,94.29,24,88.08,61.4,5.44,40
2026-02-22,Neurology,31,26,0,30,25,83.33,20,85.61,76.12,4.44,34
2026-02-22,Orthopedics,39,43,4,40,33,82.5,22,80.23,82.09,6.09,51
2026-02-22,General Medicine,70,58,3,55,55,100.0,30,81.18,83.44,3.71,86
2026-02-22,Pediatrics,36,34,0,30,25,83.33,21,85.01,70.84,2.95,43
2026-02-23,Emergency,77,69,30,45,45,100.0,28,88.85,91.37,1.09,86
2026-02-23,Cardiology,51,46,4,35,35,100.0,24,95.27,61.07,5.33,68
2026-02-23,Neurology,31,27,1,30,22,73.33,20,85.1,68.27,3.9,42
2026-02-23,Orthopedics,51,44,3,40,40,100.0,22,78.57,77.46,7.63,58
2026-02-23,General Medicine,77,70,6,55,55,100.0,30,100.0,84.08,3.96,102
2026-02-23,Pediatrics,43,35,3,30,30,100.0,21,87.61,73.71,3.97,51
2026-02-24,Emergency,61,53,21,45,45,100.0,28,70.67,73.11,3.04,73
2026-02-24,Cardiology,34,31,2,35,25,71.43,24,73.36,69.11,4.68,31
2026-02-24,Neurology,39,38,3,30,30,100.0,20,80.85,78.33,5.02,52
2026-02-24,Orthopedics,43,38,5,40,36,90.0,22,94.71,82.06,5.86,60
2026-02-24,General Medicine,70,59,4,55,55,100.0,30,92.55,75.46,4.21,89
2026-02-24,Pediatrics,40,36,5,30,30,100.0,21,94.64,80.1,2.38,51
2026-02-25,Emergency,73,63,23,45,45,100.0,28,86.64,73.17,1.94,84
2026-02-25,Cardiology,42,39,5,35,31,88.57,24,96.95,81.98,4.64,56
2026-02-25,Neurology,31,29,0,30,25,83.33,20,87.19,66.03,5.02,34
2026-02-25,Orthopedics,49,39,5,40,40,100.0,22,79.04,83.42,5.31,64
2026-02-25,General Medicine,69,59,2,55,53,96.36,30,73.56,81.5,4.07,84
2026-02-25,Pediatrics,42,36,3,30,30,100.0,21,93.52,82.28,3.43,44
2026-02-26,Emergency,66,59,22,45,45,100.0,28,86.69,79.29,2.43,89
2026-02-26,Cardiology,47,37,5,35,35,100.0,24,98.51,83.36,6.51,63
2026-02-26,Neurology,36,34,6,30,29,96.67,20,86.92,75.44,4.03,52
2026-02-26,Orthopedics,49,38,5,40,40,100.0,22,72.97,84.0,5.39,61
2026-02-26,General Medicine,81,69,6,55,55,100.0,30,100.0,98.0,4.71,107
2026-02-26,Pediatrics,36,30,1,30,30,100.0,21,96.42,81.02,4.49,42
2026-02-27,Emergency,59,52,20,45,45,100.0,28,91.58,80.63,2.23,76
2026-02-27,Cardiology,31,26,2,35,26,74.29,24,71.89,75.77,6.33,46
2026-02-27,Neurology,34,29,1,30,27,90.0,20,82.21,78.69,3.81,45
2026-02-27,Orthopedics,50,41,5,40,40,100.0,22,83.77,81.45,5.78,64
2026-02-27,General Medicine,63,54,1,55,51,92.73,30,79.87,75.49,3.66,77
2026-02-27,Pediatrics,38,32,1,30,30,100.0,21,89.24,84.54,2.26,42
2026-02-28,Emergency,47,40,16,45,36,80.0,28,71.73,69.73,2.62,55
2026-02-28,Cardiology,33,26,0,35,26,74.29,24,75.17,78.22,4.85,42
2026-02-28,Neurology,30,34,0,30,25,83.33,20,75.6,74.11,4.54,33
2026-02-28,Orthopedics,43,36,2,40,34,85.0,22,80.07,90.34,7.08,57
2026-02-28,General Medicine,58,52,6,55,48,87.27,30,69.77,73.17,3.97,65
2026-02-28,Pediatrics,31,32,1,30,29,96.67,21,81.05,81.55,1.91,34
2026-03-01,Emergency,60,51,23,45,45,100.0,28,83.9,92.87,3.75,74
2026-03-01,Cardiology,36,27,0,35,33,94.29,24,74.67,76.79,4.69,40
2026-03-01,Neurology,27,22,2,30,20,66.67,20,86.4,64.35,5.45,31
2026-03-01,Orthopedics,35,30,3,40,32,80.0,22,81.69,68.75,5.03,47
2026-03-01,General Medicine,58,50,7,55,45,81.82,30,77.06,79.68,3.55,74
2026-03-01,Pediatrics,23,18,0,30,18,60.0,21,70.09,62.34,3.3,27
2026-03-02,Emergency,46,34,14,45,35,77.78,28,83.6,51.07,1.83,64
2026-03-02,Cardiology,40,36,3,35,33,94.29,24,70.24,83.09,5.46,69
2026-03-02,Neurology,27,28,1,30,21,70.0,20,82.57,72.82,4.2,35
2026-03-02,Orthopedics,39,36,5,40,30,75.0,22,74.52,71.11,5.43,50
2026-03-02,General Medicine,61,55,6,55,52,94.55,30,97.31,74.9,4.07,82
2026-03-02,Pediatrics,36,33,3,30,28,93.33,21,84.18,77.25,3.02,46
2026-03-03,Emergency,72,66,26,45,45,100.0,28,87.61,74.45,2.81,97
2026-03-03,Cardiology,39,33,2,35,27,77.14,24,81.83,84.45,5.55,47
2026-03-03,Neurology,37,29,0,30,30,100.0,20,66.5,77.32,5.44,50
2026-03-03,Orthopedics,49,47,3,40,37,92.5,22,99.9,86.46,6.59,55
2026-03-03,General Medicine,61,51,4,55,48,87.27,30,76.97,86.08,4.25,73
2026-03-03,Pediatrics,31,28,6,30,19,63.33,21,81.01,63.0,3.74,39
2026-03-04,Emergency,69,58,26,45,45,100.0,28,91.0,82.69,2.71,87
2026-03-04,Cardiology,35,27,7,35,28,80.0,24,82.92,65.54,6.16,46
2026-03-04,Neurology,36,31,0,30,26,86.67,20,87.29,80.31,4.83,44
2026-03-04,Orthopedics,37,29,0,40,29,72.5,22,94.59,78.31,6.14,38
2026-03-04,General Medicine,74,63,3,55,55,100.0,30,98.41,69.9,3.59,97
2026-03-04,Pediatrics,32,19,1,30,24,80.0,21,85.98,84.06,2.81,45
2026-03-05,Emergency,49,41,16,45,40,88.89,28,84.74,69.96,1.0,57
2026-03-05,Cardiology,44,35,3,35,35,100.0,24,90.6,76.1,4.43,53
2026-03-05,Neurology,38,33,0,30,29,96.67,20,89.69,85.09,5.41,45
2026-03-05,Orthopedics,49,46,2,40,36,90.0,22,82.7,76.69,7.01,56
2026-03-05,General Medicine,63,56,4,55,48,87.27,30,82.33,79.44,3.93,76
2026-03-05,Pediatrics,32,29,3,30,30,100.0,21,82.24,76.26,2.21,48
2026-03-06,Emergency,62,59,22,45,45,100.0,28,99.53,84.49,2.36,76
2026-03-06,Cardiology,48,42,4,35,33,94.29,24,81.97,79.25,5.06,66
2026-03-06,Neurology,28,25,3,30,17,56.67,20,86.57,72.99,4.0,41
2026-03-06,Orthopedics,52,47,5,40,40,100.0,22,93.3,74.63,6.95,70
2026-03-06,General Medicine,61,54,1,55,46,83.64,30,88.37,79.9,3.19,74
2026-03-06,Pediatrics,37,28,1,30,30,100.0,21,87.02,75.47,3.83,54
2026-03-07,Emergency,47,39,17,45,40,88.89,28,78.29,72.27,1.0,65
2026-03-07,Cardiology,35,29,5,35,28,80.0,24,82.0,60.73,5.13,45
2026-03-07,Neurology,33,25,0,30,28,93.33,20,82.81,83.34,4.53,38
2026-03-07,Orthopedics,40,36,1,40,30,75.0,22,77.97,74.26,6.39,48
2026-03-07,General Medicine,34,28,2,55,24,43.64,30,63.05,58.3,4.93,44
2026-03-07,Pediatrics,29,26,0,30,22,73.33,21,75.37,63.68,2.83,37
2026-03-08,Emergency,49,41,18,45,37,82.22,28,85.86,63.5,1.5,57
2026-03-08,Cardiology,28,23,3,35,25,71.43,24,81.82,79.09,4.33,33
2026-03-08,Neurology,26,26,5,30,17,56.67,20,86.13,79.77,4.31,36
2026-03-08,Orthopedics,50,42,0,40,36,90.0,22,75.03,85.13,5.54,64
2026-03-08,General Medicine,56,50,3,55,46,83.64,30,91.49,67.18,3.46,74
2026-03-08,Pediatrics,35,32,5,30,30,100.0,21,75.75,89.34,3.61,52
2026-03-09,Emergency,50,42,18,45,38,84.44,28,87.05,65.96,3.16,65
2026-03-09,Cardiology,43,34,3,35,32,91.43,24,95.64,84.6,4.81,43
2026-03-09,Neurology,31,33,0,30,21,70.0,20,84.64,83.5,4.73,43
2026-03-09,Orthopedics,47,49,5,40,33,82.5,22,94.03,76.76,6.11,55
2026-03-09,General Medicine,68,54,7,55,55,100.0,30,89.02,83.51,4.26,85
2026-03-09,Pediatrics,35,28,2,30,30,100.0,21,94.05,74.1,2.47,49
2026-03-10,Emergency,81,77,28,45,45,100.0,28,91.75,86.36,2.05,96
2026-03-10,Cardiology,46,42,3,35,34,97.14,24,98.12,89.15,5.16,60
2026-03-10,Neurology,32,28,5,30,19,63.33,20,90.14,63.51,4.37,38
2026-03-10,Orthopedics,43,36,4,40,39,97.5,22,67.11,86.64,4.96,48
2026-03-10,General Medicine,98,83,5,55,55,100.0,30,100.0,90.11,4.15,117
2026-03-10,Pediatrics,43,41,3,30,30,100.0,21,91.56,94.2,2.27,55
2026-03-11,Emergency,93,78,29,45,45,100.0,28,100.0,88.01,2.99,127
2026-03-11,Cardiology,43,35,4,35,30,85.71,24,88.7,87.2,5.1,50
2026-03-11,Neurology,31,29,3,30,28,93.33,20,72.49,88.16,5.58,32
2026-03-11,Orthopedics,40,34,2,40,34,85.0,22,95.53,80.79,5.08,56
2026-03-11,General Medicine,75,70,5,55,55,100.0,30,100.0,85.93,3.64,92
2026-03-11,Pediatrics,40,35,0,30,30,100.0,21,85.98,79.2,3.42,45
2026-03-12,Emergency,66,53,26,45,45,100.0,28,78.91,73.93,1.83,83
2026-03-12,Cardiology,44,39,7,35,35,100.0,24,79.11,90.45,3.92,49
2026-03-12,Neurology,34,27,5,30,29,96.67,20,80.28,94.45,4.75,47
2026-03-12,Orthopedics,52,44,4,40,40,100.0,22,89.79,87.18,4.7,60
2026-03-12,General Medicine,82,71,9,55,55,100.0,30,82.36,86.64,5.59,100
2026-03-12,Pediatrics,41,37,0,30,30,100.0,21,87.08,82.57,3.58,51
2026-03-13,Emergency,60,58,18,45,45,100.0,28,83.18,93.57,1.81,74
2026-03-13,Cardiology,46,41,3,35,33,94.29,24,84.91,74.93,5.4,59
2026-03-13,Neurology,29,28,4,30,24,80.0,20,91.63,77.87,4.93,42
2026-03-13,Orthopedics,49,42,1,40,40,100.0,22,93.89,83.59,4.9,62
2026-03-13,General Medicine,68,57,3,55,55,100.0,30,98.05,83.96,3.92,80
2026-03-13,Pediatrics,37,31,1,30,28,93.33,21,76.47,76.01,1.05,56
2026-03-14,Emergency,57,49,23,45,45,100.0,28,76.6,90.22,2.31,76
2026-03-14,Cardiology,35,26,2,35,27,77.14,24,83.19,70.94,5.04,43
2026-03-14,Neurology,29,22,0,30,21,70.0,20,72.95,82.14,5.41,43
2026-03-14,Orthopedics,37,24,1,40,29,72.5,22,80.93,65.77,6.87,49
2026-03-14,General Medicine,48,37,2,55,38,69.09,30,78.11,76.37,4.36,69
2026-03-14,Pediatrics,35,30,1,30,28,93.33,21,81.5,85.45,3.13,44
2026-03-15,Emergency,47,37,14,45,39,86.67,28,80.37,77.38,3.05,54
2026-03-15,Cardiology,42,31,4,35,35,100.0,24,89.64,71.53,6.0,41
2026-03-15,Neurology,31,19,0,30,22,73.33,20,94.72,70.78,4.46,49
2026-03-15,Orthopedics,29,22,0,40,28,70.0,22,90.19,69.6,7.27,44
2026-03-15,General Medicine,60,50,7,55,49,89.09,30,82.88,78.65,4.62,69
2026-03-15,Pediatrics,37,33,2,30,30,100.0,21,95.52,68.14,2.73,38
2026-03-16,Emergency,63,62,21,45,45,100.0,28,86.97,83.74,2.12,72
2026-03-16,Cardiology,43,35,3,35,28,80.0,24,95.26,86.04,5.26,59
2026-03-16,Neurology,36,34,3,30,28,93.33,20,95.93,80.82,3.71,46
2026-03-16,Orthopedics,42,35,6,40,31,77.5,22,76.54,93.0,7.14,46
2026-03-16,General Medicine,67,55,4,55,52,94.55,30,80.14,88.02,4.75,86
2026-03-16,Pediatrics,48,37,5,30,30,100.0,21,100.0,74.9,3.34,58
2026-03-17,Emergency,56,47,17,45,45,100.0,28,84.4,82.58,1.65,75
2026-03-17,Cardiology,36,30,3,35,29,82.86,24,83.62,73.62,5.58,48
2026-03-17,Neurology,32,27,3,30,29,96.67,20,90.26,65.02,3.22,40
2026-03-17,Orthopedics,56,46,3,40,40,100.0,22,96.68,69.66,6.22,66
2026-03-17,General Medicine,65,59,5,55,54,98.18,30,87.7,74.79,3.91,83
2026-03-17,Pediatrics,37,32,0,30,27,90.0,21,85.01,70.54,3.28,47
2026-03-18,Emergency,66,56,20,45,45,100.0,28,92.26,83.16,2.3,84
2026-03-18,Cardiology,42,30,1,35,34,97.14,24,100.0,75.01,5.36,54
2026-03-18,Neurology,40,31,3,30,30,100.0,20,93.63,79.36,5.32,54
2026-03-18,Orthopedics,41,38,2,40,33,82.5,22,83.99,76.16,6.63,50
2026-03-18,General Medicine,59,50,3,55,48,87.27,30,92.24,80.52,5.74,75
2026-03-18,Pediatrics,44,38,5,30,30,100.0,21,95.53,90.37,3.71,53
2026-03-19,Emergency,57,51,22,45,45,100.0,28,83.24,85.18,1.56,67
2026-03-19,Cardiology,41,37,3,35,32,91.43,24,95.2,80.81,4.09,44
2026-03-19,Neurology,36,25,7,30,30,100.0,20,85.64,100.0,4.47,44
2026-03-19,Orthopedics,52,50,5,40,37,92.5,22,76.73,75.31,6.15,70
2026-03-19,General Medicine,58,44,4,55,50,90.91,30,77.47,59.25,4.56,71
2026-03-19,Pediatrics,37,32,4,30,29,96.67,21,75.82,71.31,3.33,47
2026-03-20,Emergency,55,47,15,45,38,84.44,28,85.25,87.43,1.79,70
2026-03-20,Cardiology,48,40,7,35,35,100.0,24,76.01,81.56,5.29,59
2026-03-20,Neurology,37,32,2,30,27,90.0,20,93.2,80.62,3.92,52
2026-03-20,Orthopedics,50,42,2,40,40,100.0,22,84.71,73.17,4.56,64
2026-03-20,General Medicine,54,43,3,55,38,69.09,30,81.2,73.0,3.27,61
2026-03-20,Pediatrics,41,34,5,30,30,100.0,21,81.57,80.53,3.51,49
2026-03-21,Emergency,52,45,18,45,42,93.33,28,80.52,73.7,1.5,59
2026-03-21,Cardiology,28,19,3,35,19,54.29,24,79.33,64.12,5.12,25
2026-03-21,Neurology,31,29,2,30,22,73.33,20,86.25,68.59,3.71,29
2026-03-21,Orthopedics,36,31,3,40,28,70.0,22,72.57,70.23,5.77,45
2026-03-21,General Medicine,50,47,4,55,37,67.27,30,83.75,82.46,3.86,59
2026-03-21,Pediatrics,36,27,3,30,26,86.67,21,81.85,86.42,2.42,43
2026-03-22,Emergency,46,38,17,45,40,88.89,28,70.8,85.92,2.96,55
2026-03-22,Cardiology,34,25,0,35,26,74.29,24,85.14,84.47,4.84,41
2026-03-22,Neurology,24,22,0,30,17,56.67,20,77.13,67.88,4.6,28
2026-03-22,Orthopedics,36,29,4,40,30,75.0,22,92.43,74.55,4.83,45
2026-03-22,General Medicine,47,36,4,55,36,65.45,30,87.58,79.7,2.93,57
2026-03-22,Pediatrics,33,29,3,30,21,70.0,21,76.51,74.46,1.56,40
2026-03-23,Emergency,62,57,17,45,45,100.0,28,90.88,71.89,1.92,82
2026-03-23,Cardiology,48,44,3,35,35,100.0,24,92.45,76.29,6.27,55
2026-03-23,Neurology,42,35,1,30,30,100.0,20,81.03,86.31,3.61,53
2026-03-23,Orthopedics,52,43,5,40,38,95.0,22,88.6,79.59,6.46,64
2026-03-23,General Medicine,80,71,5,55,55,100.0,30,80.05,79.9,4.67,102
2026-03-23,Pediatrics,34,30,4,30,29,96.67,21,94.07,82.59,3.14,44
2026-03-24,Emergency,69,56,25,45,45,100.0,28,84.19,83.62,1.78,74
2026-03-24,Cardiology,40,37,0,35,34,97.14,24,88.16,74.71,5.46,45
2026-03-24,Neurology,44,40,3,30,30,100.0,20,87.97,82.01,5.38,55
2026-03-24,Orthopedics,43,43,4,40,35,87.5,22,89.91,71.56,6.02,44
2026-03-24,General Medicine,81,75,6,55,55,100.0,30,83.98,85.08,4.25,102
2026-03-24,Pediatrics,41,40,6,30,30,100.0,21,80.42,89.99,5.31,45
2026-03-25,Emergency,63,49,19,45,45,100.0,28,83.36,94.01,1.02,76
2026-03-25,Cardiology,33,31,1,35,20,57.14,24,81.3,57.01,6.25,43
2026-03-25,Neurology,32,28,3,30,26,86.67,20,87.31,65.07,2.71,36
2026-03-25,Orthopedics,44,40,3,40,36,90.0,22,75.21,68.98,5.74,52
2026-03-25,General Medicine,63,57,2,55,50,90.91,30,84.48,94.26,2.7,82
2026-03-25,Pediatrics,36,30,4,30,27,90.0,21,82.81,89.3,3.7,37
2026-03-26,Emergency,54,39,17,45,41,91.11,28,90.3,79.81,2.18,64
2026-03-26,Cardiology,43,40,2,35,30,85.71,24,88.99,85.83,5.59,67
2026-03-26,Neurology,35,31,3,30,26,86.67,20,87.33,81.37,3.89,44
2026-03-26,Orthopedics,54,48,4,40,40,100.0,22,88.63,87.14,5.13,69
2026-03-26,General Medicine,60,50,6,55,49,89.09,30,86.08,66.49,4.4,71
2026-03-26,Pediatrics,32,27,0,30,24,80.0,21,82.91,71.55,2.83,38
2026-03-27,Emergency,65,55,21,45,45,100.0,28,74.62,89.76,2.8,81
2026-03-27,Cardiology,47,40,4,35,35,100.0,24,99.15,79.36,5.96,53
2026-03-27,Neurology,38,31,1,30,30,100.0,20,88.63,67.37,5.55,51
2026-03-27,Orthopedics,46,41,4,40,36,90.0,22,95.59,76.11,6.6,53
2026-03-27,General Medicine,78,64,2,55,55,100.0,30,87.99,79.46,3.68,92
2026-03-27,Pediatrics,36,31,0,30,30,100.0,21,86.08,78.98,2.48,53
2026-03-28,Emergency,45,44,17,45,36,80.0,28,80.02,81.29,2.12,54
2026-03-28,Cardiology,34,30,5,35,30,85.71,24,81.71,79.06,5.37,44
2026-03-28,Neurology,23,12,2,30,20,66.67,20,77.15,66.82,4.56,34
2026-03-28,Orthopedics,39,32,2,40,34,85.0,22,80.91,78.93,5.35,49
2026-03-28,General Medicine,55,49,5,55,44,80.0,30,69.31,71.04,3.79,67
2026-03-28,Pediatrics,36,29,0,30,24,80.0,21,83.5,72.64,2.98,47
2026-03-29,Emergency,50,44,15,45,45,100.0,28,79.6,76.59,1.61,59
2026-03-29,Cardiology,32,29,2,35,33,94.29,24,75.51,69.82,5.38,41
2026-03-29,Neurology,34,22,0,30,20,66.67,20,81.9,85.9,2.49,45
2026-03-29,Orthopedics,39,31,1,40,29,72.5,22,75.64,75.6,6.15,34
2026-03-29,General Medicine,49,39,0,55,39,70.91,30,76.2,79.08,4.03,64
2026-03-29,Pediatrics,39,32,4,30,30,100.0,21,73.89,58.92,3.1,54
2026-03-30,Emergency,52,47,17,45,45,100.0,28,85.74,77.23,1.1,71
2026-03-30,Cardiology,39,35,2,35,27,77.14,24,76.32,87.95,6.12,48
2026-03-30,Neurology,28,27,0,30,21,70.0,20,86.14,73.95,4.72,45
2026-03-30,Orthopedics,49,42,1,40,40,100.0,22,89.14,80.68,5.96,66
2026-03-30,General Medicine,61,57,4,55,49,89.09,30,78.15,84.28,4.53,74
2026-03-30,Pediatrics,38,34,4,30,30,100.0,21,71.92,68.57,3.01,44
2026-03-31,Emergency,52,42,15,45,36,80.0,28,82.09,70.23,2.15,66
2026-03-31,Cardiology,52,41,4,35,35,100.0,24,98.92,76.4,4.78,65
2026-03-31,Neurology,41,37,2,30,30,100.0,20,87.18,69.19,5.44,43
2026-03-31,Orthopedics,41,36,0,40,30,75.0,22,77.93,72.18,5.12,54
2026-03-31,General Medicine,57,45,3,55,44,80.0,30,88.02,73.52,4.03,62
2026-03-31,Pediatrics,41,37,5,30,30,100.0,21,94.81,70.07,3.21,49
